<?xml version = '1.0' encoding = 'UTF-8'?>
<graphics>
   <diagram optimizeLayout="false" fixedWidthSwimlanes="true" roundedPartnerlinks="true" centerZoom="true" validateOnLoad="true" confirmBeforeDelete="true" selectedPartnerLinkColor="49,105,198" swimlaneBackground="240,240,240" swimlaneDividerBackground="218,218,218" graphBackground="255,255,255" selectedBorderBackground="49,105,198" connectedPartnerLinkColor="204,204,255" connectablePartnerLinkColor="0,0,255" unconnectedPartnerLinkColor="192,192,192"/>
   <annotationfile/>
   <iconize/>
   <partnerlink_locations>
      <partnerlink name="NFSaidaMercadoriaDBBPEL" x="0" y="559" side="left"/>
      <partnerlink name="PublicacaoNFSaidaMercadoriaRestReference" x="1190" y="557" side="right"/>
   </partnerlink_locations>
   <graph_layout viewport="107,75,1106,521" show_swimlanes="true">
      <layout_item collapsed="false" xpath="/process" type="process" showhandlers="true"/>
      <layout_item collapsed="false" xpath="/process/faultHandlers/catchAll" type="catchall"/>
      <layout_item collapsed="false" xpath="/process/faultHandlers/catchAll/sequence" type="sequence"/>
      <layout_item collapsed="false" xpath="/process/sequence" type="sequence"/>
      <layout_item collapsed="false" xpath="/process/sequence/sequence" type="sequence"/>
      <layout_item collapsed="false" xpath="/process/sequence/sequence/if/sequence" type="sequence"/>
      <layout_item collapsed="false" xpath="/process/sequence/sequence/if/elseif/sequence" type="sequence"/>
      <layout_item collapsed="false" xpath="/process/sequence/sequence/if/else/sequence" type="sequence"/>
      <layout_item collapsed="false" xpath="/process/sequence/sequence/sequence" type="sequence"/>
   </graph_layout>
   <bookmarks/>
</graphics>
