<?xml version="1.0" encoding="UTF-8" ?>
<!-- Generated by Oracle SOA Modeler version 12.2.1.0.0.151013 at [7/8/17 9:47 AM]. -->
<composite name="NFSaidaMercadoriaIntegracaoBPEL"
           revision="1.0"
           label="2017-07-08_09-47-57_894"
           mode="active"
           state="on"
           xmlns="http://xmlns.oracle.com/sca/1.0"
           xmlns:xs="http://www.w3.org/2001/XMLSchema"
           xmlns:wsp="http://schemas.xmlsoap.org/ws/2004/09/policy"
           xmlns:orawsp="http://schemas.oracle.com/ws/2006/01/policy"
           xmlns:ui="http://xmlns.oracle.com/soa/designer/"
           xmlns:sca-ext="http://xmlns.oracle.com/sca/1.0-ext">
  <import namespace="http://service.ultra.com.br/fiscal/NFSaidaMercadoria/v1"
          location="oramds:/apps/Extrafarma/Retail/NFSaidaMercadoria/v1/WSDLs/NFSaidaMercadoriaV1.wsdl"
          importType="wsdl"/>
  <import namespace="http://service.ultra.com.br/fiscal/NFSaidaMercadoria/v1"
          location="oramds:/apps/Extrafarma/Retail/NFSaidaMercadoria/v1/WSDLs/NFSaidaMercadoriaV1Wrapper.wsdl"
          importType="wsdl"/>
  <service name="NFSaidaMercadoriaDBBPEL"
           ui:wsdlLocation="oramds:/apps/Extrafarma/Retail/NFSaidaMercadoria/v1/WSDLs/NFSaidaMercadoriaV1.wsdl">
    <interface.wsdl interface="http://service.ultra.com.br/fiscal/NFSaidaMercadoria/v1#wsdl.interface(NFSaidaMercadoriaPortType)"/>
    <binding.direct/>
  </service>
  <property name="productVersion" type="xs:string" many="false">12.2.1.0.0.151013</property>
  <property name="compositeID" type="xs:string" many="false">2cb44d91-d73f-4d92-ab08-e4763aebd26a</property>
  <component name="PublicacaoNFSaidaMercadoriaBPELProcess" version="2.0">
    <implementation.bpel src="BPEL/PublicacaoNFSaidaMercadoriaBPELProcess.bpel"/>
    <componentType>
      <service name="NFSaidaMercadoriaDBBPEL"
               ui:wsdlLocation="oramds:/apps/Extrafarma/Retail/NFSaidaMercadoria/v1/WSDLs/NFSaidaMercadoriaV1Wrapper.wsdl">
        <interface.wsdl interface="http://service.ultra.com.br/fiscal/NFSaidaMercadoria/v1#wsdl.interface(NFSaidaMercadoriaPortType)"/>
      </service>
      <reference name="PublicacaoNFSaidaMercadoriaRestReference">
        <interface.wadl interface="WADLs/PublicacaoNFSaidaMercadoriaRestReference.wadl"/>
      </reference>
    </componentType>
  </component>
  <component name="NFSaidaMercadoriaMediator">
    <implementation.mediator src="Mediators/NFSaidaMercadoriaMediator.mplan"/>
    <componentType>
      <service name="NFSaidaMercadoriaMediator"
               ui:wsdlLocation="oramds:/apps/Extrafarma/Retail/NFSaidaMercadoria/v1/WSDLs/NFSaidaMercadoriaV1.wsdl">
        <interface.wsdl interface="http://service.ultra.com.br/fiscal/NFSaidaMercadoria/v1#wsdl.interface(NFSaidaMercadoriaPortType)"/>
      </service>
      <reference name="PublicacaoNFSaidaMercadoriaBPELProcess.NFSaidaMercadoriaDBBPEL"
                 ui:wsdlLocation="oramds:/apps/Extrafarma/Retail/NFSaidaMercadoria/v1/WSDLs/NFSaidaMercadoriaV1Wrapper.wsdl">
        <interface.wsdl interface="http://service.ultra.com.br/fiscal/NFSaidaMercadoria/v1#wsdl.interface(NFSaidaMercadoriaPortType)"/>
      </reference>
    </componentType>
  </component>
  <reference name="PublicacaoNFSaidaMercadoriaRestReference">
    <interface.wadl interface="WADLs/PublicacaoNFSaidaMercadoriaRestReference.wadl"/>
    <binding.rest config="WADLs/PublicacaoNFSaidaMercadoriaRestReference.wadl"
                  location="http://extrafarma/fiscal/v1/nf/publicacaoNFSaida"/>
  </reference>
  <wire>
    <source.uri>NFSaidaMercadoriaDBBPEL</source.uri>
    <target.uri>NFSaidaMercadoriaMediator/NFSaidaMercadoriaMediator</target.uri>
  </wire>
  <wire>
    <source.uri>NFSaidaMercadoriaMediator/PublicacaoNFSaidaMercadoriaBPELProcess.NFSaidaMercadoriaDBBPEL</source.uri>
    <target.uri>PublicacaoNFSaidaMercadoriaBPELProcess/NFSaidaMercadoriaDBBPEL</target.uri>
  </wire>
  <wire>
    <source.uri>PublicacaoNFSaidaMercadoriaBPELProcess/PublicacaoNFSaidaMercadoriaRestReference</source.uri>
    <target.uri>PublicacaoNFSaidaMercadoriaRestReference</target.uri>
  </wire>
</composite>
