<?xml version="1.0" encoding="UTF-8" ?>
<!-- Generated by Oracle SOA Modeler version 12.2.1.0.0.151013 at [6/22/17 11:57 AM]. -->
<composite name="RecebimentoMercadoriaIntegracaoBPEL"
           revision="1.0"
           label="2017-06-22_11-57-10_910"
           mode="active"
           state="on"
           xmlns="http://xmlns.oracle.com/sca/1.0"
           xmlns:xs="http://www.w3.org/2001/XMLSchema"
           xmlns:wsp="http://schemas.xmlsoap.org/ws/2004/09/policy"
           xmlns:orawsp="http://schemas.oracle.com/ws/2006/01/policy"
           xmlns:ui="http://xmlns.oracle.com/soa/designer/"
           xmlns:sca-ext="http://xmlns.oracle.com/sca/1.0-ext">
  <import namespace="http://service.ultra.com.br/logistica/RecebimentoMercadoria/v1"
          location="WSDLs/RecebimentoMercadoriaV1.wsdl" importType="wsdl"/>
  <import namespace="http://service.ultra.com.br/logistica/RecebimentoMercadoria/v1"
          location="WSDLs/RecebimentoMercadoriaV1Wrapper.wsdl" importType="wsdl"/>
  <import namespace="http://xmlns.oracle.com/pcbpel/adapter/jms/AppExtrafarmaSOA/RecebimentoMercadoriaIntegracaoBPEL/etReceivingJMSReference"
          location="WSDLs/etReceivingJMSReference.wsdl" importType="wsdl"/>
  <import namespace="http://www.extrafarma.com.br/sca/soapservice/ExtrafarmaSOA-F1-S1/RegistroLogLBBpel/RegistroLogWS"
          location="oramds:/apps/Extrafarma/Retail/Comum/Log/v1/WSDL/RegistroLogBPEL.wsdl" importType="wsdl"/>
  <import namespace="http://www.extrafarma.com.br/sca/soapservice/ExtrafarmaSOA-F1-S1/RegistroLogLBBpel/RegistroLogWS"
          location="WSDLs/RegistroLogBPELWrapper.wsdl" importType="wsdl"/>
  <service name="RecebimentoMercadoriaDBBPEL" ui:wsdlLocation="WSDLs/RecebimentoMercadoriaV1.wsdl">
    <interface.wsdl interface="http://service.ultra.com.br/logistica/RecebimentoMercadoria/v1#wsdl.interface(RecebimentoMercadoriaPortType)"/>
    <binding.direct/>
  </service>
  <property name="productVersion" type="xs:string" many="false">12.2.1.0.0.151013</property>
  <property name="compositeID" type="xs:string" many="false">a58ace14-5cda-4808-b379-454e89d8afdb</property>
  <component name="RecebimentoMercadoriaBPELProcess" version="2.0">
    <implementation.bpel src="BPEL/RecebimentoMercadoriaBPELProcess.bpel"/>
    <componentType>
      <service name="recebimentomercadoriabpelprocess_client"
               ui:wsdlLocation="WSDLs/RecebimentoMercadoriaV1Wrapper.wsdl">
        <interface.wsdl interface="http://service.ultra.com.br/logistica/RecebimentoMercadoria/v1#wsdl.interface(RecebimentoMercadoriaPortType)"/>
      </service>
      <reference name="etReceivingJMSReference" ui:wsdlLocation="WSDLs/etReceivingJMSReference.wsdl">
        <interface.wsdl interface="http://xmlns.oracle.com/pcbpel/adapter/jms/AppExtrafarmaSOA/RecebimentoMercadoriaIntegracaoBPEL/etReceivingJMSReference#wsdl.interface(Posta_Mensagem_ptt)"/>
      </reference>
      <reference name="RegistroLogBPELReference" ui:wsdlLocation="WSDLs/RegistroLogBPELWrapper.wsdl">
        <interface.wsdl interface="http://www.extrafarma.com.br/sca/soapservice/ExtrafarmaSOA-F1-S1/RegistroLogLBBpel/RegistroLogWS#wsdl.interface(execute_ptt)"/>
      </reference>
    </componentType>
  </component>
  <reference name="etReceivingJMSReference" ui:wsdlLocation="WSDLs/etReceivingJMSReference.wsdl">
    <interface.wsdl interface="http://xmlns.oracle.com/pcbpel/adapter/jms/AppExtrafarmaSOA/RecebimentoMercadoriaIntegracaoBPEL/etReceivingJMSReference#wsdl.interface(Posta_Mensagem_ptt)"/>
    <binding.jca config="Adapters/etReceivingJMSReference_jms.jca"/>
  </reference>
  <reference name="RegistroLogBPELReference"
             ui:wsdlLocation="oramds:/apps/Extrafarma/Retail/Comum/Log/v1/WSDL/RegistroLogBPEL.wsdl">
    <interface.wsdl interface="http://www.extrafarma.com.br/sca/soapservice/ExtrafarmaSOA-F1-S1/RegistroLogLBBpel/RegistroLogWS#wsdl.interface(execute_ptt)"/>
    <binding.direct address="t3://teste" connection-factory="oracle.soa.api.JNDIDirectConnectionFactory"
                    useLocalJNDIProvider="true">
      <property name="java.naming.provider.url"></property>
    </binding.direct>
  </reference>
  <wire>
    <source.uri>RecebimentoMercadoriaDBBPEL</source.uri>
    <target.uri>RecebimentoMercadoriaBPELProcess/recebimentomercadoriabpelprocess_client</target.uri>
  </wire>
  <wire>
    <source.uri>RecebimentoMercadoriaBPELProcess/etReceivingJMSReference</source.uri>
    <target.uri>etReceivingJMSReference</target.uri>
  </wire>
  <wire>
    <source.uri>RecebimentoMercadoriaBPELProcess/RegistroLogBPELReference</source.uri>
    <target.uri>RegistroLogBPELReference</target.uri>
  </wire>
</composite>
