<?xml version="1.0" encoding="UTF-8"?>
<dgm:gDiagram xmlns:dgm="http://xmlns.oracle.com/sca/soadgm">
    <dgm:gService name="NFSaidaMercadoriaDBBPEL">
        <dgm:body borderWidth="2" arcRad="20" X="21" Y="41" width="137" height="96">
            <dgm:borderColor r="153" g="153" b="153"/>
            <dgm:bgColor r="255" g="255" b="255"/>
        </dgm:body>
        <dgm:shadow arcRad="20" X="11" Y="34" width="156" height="110">
            <dgm:bgColor r="196" g="228" b="240"/>
        </dgm:shadow>
        <dgm:outputPort name="NFSaidaMercadoriaDBBPEL" X="127" Y="0" diameter="20" imageURI="oracle/tip/tools/ide/fabric/resource/image/visuals_rd1/servicereference.png" interface="http://service.ultra.com.br/fiscal/NFSaidaMercadoria/v1#wsdl.interface(NFSaidaMercadoriaPortType)"/>
        <dgm:nodeIcon URI="/oracle/tip/tools/ide/adapters/designtime/adapter/images/direct_adapter_20x20.png" X="20" Y="4" width="20" height="20"/>
        <dgm:operations>
            <dgm:item>criarNFSaidaMercadoria</dgm:item>
            <dgm:item>publicacaoNFSaidaMercadoria</dgm:item>
        </dgm:operations>
    </dgm:gService>
    <dgm:gReference name="PublicacaoNFSaidaMercadoriaRestReference">
        <dgm:body borderWidth="2" arcRad="20" X="841" Y="41" width="136" height="96">
            <dgm:borderColor r="153" g="153" b="153"/>
            <dgm:bgColor r="255" g="255" b="255"/>
        </dgm:body>
        <dgm:shadow arcRad="20" X="831" Y="34" width="156" height="110">
            <dgm:bgColor r="196" g="228" b="240"/>
        </dgm:shadow>
        <dgm:inputPort name="PublicacaoNFSaidaMercadoriaRestReference" X="-10" Y="0" diameter="20" imageURI="oracle/tip/tools/ide/fabric/resource/image/visuals_rd1/servicereference.png" interface="WADLs/PublicacaoNFSaidaMercadoriaRestReference.wadl"/>
        <dgm:nodeIcon URI="/oracle/tip/tools/ide/adapters/designtime/adapter/images/RestAdapterService20x20px.png" X="27" Y="4" width="20" height="20"/>
        <dgm:operations>
            <dgm:item>publicacaoNFSaidaMercadoriaAprovada</dgm:item>
            <dgm:item>publicacaoNFSaidaMercadoriaCancelada</dgm:item>
        </dgm:operations>
    </dgm:gReference>
    <dgm:gComponent name="PublicacaoNFSaidaMercadoriaBPELProcess">
        <dgm:body borderWidth="2" arcRad="20" X="570" Y="26" width="130" height="61">
            <dgm:borderColor r="69" g="113" b="140"/>
            <dgm:lightBgColor r="166" g="208" b="230"/>
            <dgm:darkBgColor r="99" g="162" b="201"/>
        </dgm:body>
        <dgm:shadow arcRad="20" X="560" Y="19" width="150" height="77">
            <dgm:bgColor r="196" g="228" b="240"/>
        </dgm:shadow>
        <dgm:inputPort name="NFSaidaMercadoriaDBBPEL" X="-10" Y="15" diameter="20" imageURI="oracle/tip/tools/ide/fabric/resource/image/visuals_rd1/servicereference.png" interface="http://service.ultra.com.br/fiscal/NFSaidaMercadoria/v1#wsdl.interface(NFSaidaMercadoriaPortType)"/>
        <dgm:outputPort name="PublicacaoNFSaidaMercadoriaRestReference" X="120" Y="15" diameter="20" imageURI="oracle/tip/tools/ide/fabric/resource/image/visuals_rd1/servicereference.png" interface="WADLs/PublicacaoNFSaidaMercadoriaRestReference.wadl"/>
        <dgm:nodeIcon URI="/oracle/tip/tools/ide/bpel/shared/plugins/resources/images/soa/process_20x20.png" X="10" Y="4" width="20" height="20"/>
    </dgm:gComponent>
    <dgm:gComponent name="NFSaidaMercadoriaMediator">
        <dgm:body borderWidth="2" arcRad="20" X="299" Y="26" width="130" height="61">
            <dgm:borderColor r="128" g="92" b="148"/>
            <dgm:lightBgColor r="208" g="169" b="227"/>
            <dgm:darkBgColor r="183" g="132" b="212"/>
        </dgm:body>
        <dgm:shadow arcRad="20" X="289" Y="19" width="150" height="77">
            <dgm:bgColor r="196" g="228" b="240"/>
        </dgm:shadow>
        <dgm:inputPort name="NFSaidaMercadoriaMediator" X="-10" Y="15" diameter="20" imageURI="oracle/tip/tools/ide/fabric/resource/image/visuals_rd1/servicereference.png" interface="http://service.ultra.com.br/fiscal/NFSaidaMercadoria/v1#wsdl.interface(NFSaidaMercadoriaPortType)"/>
        <dgm:outputPort name="PublicacaoNFSaidaMercadoriaBPELProcess.NFSaidaMercadoriaDBBPEL" X="120" Y="15" diameter="20" imageURI="oracle/tip/tools/ide/fabric/resource/image/visuals_rd1/servicereference.png" interface="http://service.ultra.com.br/fiscal/NFSaidaMercadoria/v1#wsdl.interface(NFSaidaMercadoriaPortType)"/>
        <dgm:nodeIcon URI="/oracle/tip/tools/ide/mediator/resource/image/mediator_20x20.png" X="10" Y="4" width="20" height="20"/>
    </dgm:gComponent>
    <dgm:gWireLink source="NFSaidaMercadoriaDBBPEL" target="NFSaidaMercadoriaMediator/NFSaidaMercadoriaMediator" width="2">
        <dgm:gSegment X1="168" Y1="51" X2="289" Y2="51"/>
        <dgm:baseColor r="153" g="153" b="153"/>
        <dgm:selectedColor r="49" g="106" b="196"/>
    </dgm:gWireLink>
    <dgm:gWireLink source="NFSaidaMercadoriaMediator/PublicacaoNFSaidaMercadoriaBPELProcess.NFSaidaMercadoriaDBBPEL" target="PublicacaoNFSaidaMercadoriaBPELProcess/NFSaidaMercadoriaDBBPEL" width="2">
        <dgm:gSegment X1="439" Y1="51" X2="560" Y2="51"/>
        <dgm:baseColor r="153" g="153" b="153"/>
        <dgm:selectedColor r="49" g="106" b="196"/>
    </dgm:gWireLink>
    <dgm:gWireLink source="PublicacaoNFSaidaMercadoriaBPELProcess/PublicacaoNFSaidaMercadoriaRestReference" target="PublicacaoNFSaidaMercadoriaRestReference" width="2">
        <dgm:gSegment X1="710" Y1="51" X2="831" Y2="51"/>
        <dgm:baseColor r="153" g="153" b="153"/>
        <dgm:selectedColor r="49" g="106" b="196"/>
    </dgm:gWireLink>
</dgm:gDiagram>