<?xml version = '1.0' encoding = 'UTF-8'?>
<Faults>
   <Fault>
      <severity>warning</severity>
      <loc>/*[namespace-uri()='http://docs.oasis-open.org/wsbpel/2.0/process/executable'][local-name()='process']/*[namespace-uri()='http://docs.oasis-open.org/wsbpel/2.0/process/executable'][local-name()='faultHandlers']/*[namespace-uri()='http://docs.oasis-open.org/wsbpel/2.0/process/executable'][local-name()='catchAll']/*[namespace-uri()='http://docs.oasis-open.org/wsbpel/2.0/process/executable'][local-name()='sequence'][@name='FluxoTratamentoMensagem']/*[namespace-uri()='http://docs.oasis-open.org/wsbpel/2.0/process/executable'][local-name()='assign'][@name='AssignPayloadToRegistroErroLogBPEL']/*[namespace-uri()='http://docs.oasis-open.org/wsbpel/2.0/process/executable'][local-name()='copy'][2]</loc>
      <line>87</line>
      <col/>
      <file>BPEL/RecebimentoMercadoriaBPELProcess.bpel</file>
      <name>BPEL/RecebimentoMercadoriaBPELProcess.bpel</name>
      <fix>Types must be compatible.</fix>
      <msg>The from-spec of "xsd:string" is not compatible with to-spec of "ns3:Body"</msg>
   </Fault>
   <Fault>
      <severity>warning</severity>
      <loc>/*[namespace-uri()='http://docs.oasis-open.org/wsbpel/2.0/process/executable'][local-name()='process']/*[namespace-uri()='http://docs.oasis-open.org/wsbpel/2.0/process/executable'][local-name()='sequence'][@name='main']/*[namespace-uri()='http://docs.oasis-open.org/wsbpel/2.0/process/executable'][local-name()='sequence'][@name='FluxoRegistraLog']/*[namespace-uri()='http://docs.oasis-open.org/wsbpel/2.0/process/executable'][local-name()='assign'][@name='AssignPayloadToRegistroLogBPEL']/*[namespace-uri()='http://docs.oasis-open.org/wsbpel/2.0/process/executable'][local-name()='copy'][6]</loc>
      <line>185</line>
      <col/>
      <file>BPEL/RecebimentoMercadoriaBPELProcess.bpel</file>
      <name>BPEL/RecebimentoMercadoriaBPELProcess.bpel</name>
      <fix>Types must be compatible.</fix>
      <msg>The from-spec of "xsd:string" is not compatible with to-spec of "ns3:Body"</msg>
   </Fault>
</Faults>
